Time[ms],Realtime Tick,Goal Position,Present Position
0,9328,3288,3270
100,9428,3288,3272
200,9528,3288,3272
286,9614,3288,3274
326,9654,3288,3274
367,9695,3288,3275
406,9734,3288,3275
446,9774,3288,3275
486,9814,3288,3275
526,9854,3288,3275
566,9894,3288,3275
606,9934,3288,3275
646,9974,3288,3275
686,10014,3288,3275
726,10054,3288,3275
766,10094,3288,3277
806,10134,3288,3277
846,10174,3288,3277
886,10214,3288,3277
926,10254,3288,3277
966,10294,3288,3277
1006,10334,3288,3277
1046,10374,3288,3277
1086,10414,3288,3278
1126,10454,3288,3278
1166,10494,3288,3278
1206,10534,3288,3278
1246,10574,3288,3278
1286,10614,3288,3278
1326,10654,3288,3279
1366,10694,3288,3279
1406,10734,3288,3279
1446,10774,3288,3279
1486,10814,3288,3279
1526,10854,3288,3281
1566,10894,3288,3282
1606,10934,3288,3282
1646,10974,3288,3282
1686,11014,3288,3282
1726,11054,3288,3282
1766,11094,3288,3282
1806,11134,3288,3282
1846,11174,3288,3282
1886,11214,3288,3282
1926,11254,3288,3282
1966,11294,3288,3282
2006,11334,3288,3282
2046,11374,3288,3282
2086,11414,3288,3282
2126,11454,3288,3282
2166,11494,3288,3282
2206,11534,3288,3282
2245,11573,3288,3282
2286,11614,3288,3282
2326,11654,3288,3282
2366,11694,3288,3282
2406,11734,3288,3282
2446,11774,3288,3282
2486,11814,3288,3282
2526,11854,3288,3284
2566,11894,3288,3284
2606,11934,3288,3284
2646,11974,3288,3284
2686,12014,3288,3284
2726,12054,3288,3284
2765,12093,3288,3284
2806,12134,3288,3284
2846,12174,3288,3284
2886,12214,3288,3284
2925,12253,3288,3284
2965,12293,3288,3284
3005,12333,3288,3284
3045,12373,3288,3284
3086,12414,3288,3284
3126,12454,3288,3284
3165,12493,3288,3284
3206,12534,3288,3284
3245,12573,3288,3284
3285,12613,3288,3284
3325,12653,3288,3284
3366,12694,3288,3284
3405,12733,3288,3284
3446,12774,3288,3284
3485,12813,3288,3284
3526,12854,3288,3284
3565,12893,3288,3285
3605,12933,3288,3285
3646,12974,3288,3285
3685,13013,3288,3285
3725,13053,3288,3285
3766,13094,3288,3285
3805,13133,3288,3285
3860,13188,3249,3283
3885,13213,3249,3282
3925,13253,3249,3282
3965,13293,3249,3282
4005,13333,3249,3282
4045,13373,3249,3282
4085,13413,3238,3282
4125,13453,3238,3282
4165,13493,3227,3282
4205,13533,3227,3278
4245,13573,3227,3274
4285,13613,3203,3266
4326,13654,3203,3253
4365,13693,3203,3243
4405,13733,3156,3233
4445,13773,3156,3211
4486,13814,3144,3196
4525,13853,3144,3184
4565,13893,3144,3179
4605,13933,3144,3177
4645,13973,3144,3174
4685,14013,3144,3174
4725,14053,3144,3174
4765,14093,3144,3174
4805,14133,3144,3174
4846,14174,3144,3174
4885,14213,3144,3174
4925,14253,3144,3174
4965,14293,3144,3174
5005,14333,3144,3174
5045,14373,3144,3174
5085,14413,3144,3174
5125,14453,3144,3174
5165,14493,3144,3174
5205,14533,3144,3174
5246,14574,3144,3174
5285,14613,3144,3174
5325,14653,3144,3174
5365,14693,3144,3174
5405,14733,3144,3174
5445,14773,3144,3174
5485,14813,3144,3174
5525,14853,3144,3174
5566,14894,3144,3174
5605,14933,3144,3174
5645,14973,3144,3174
5685,15013,3144,3174
5725,15053,3144,3174
5765,15093,3144,3174
5805,15133,3144,3174
5845,15173,3144,3174
5885,15213,3144,3174
5925,15253,3144,3170
5965,15293,3144,3165
6005,15333,3144,3163
6045,15373,3144,3161
6085,15413,3144,3159
6125,15453,3144,3159
6165,15493,3144,3159
6205,15533,3144,3159
6245,15573,3144,3159
6285,15613,3144,3159
6325,15653,3144,3159
6365,15693,3144,3159
6387,15715,3144,3159
6425,15753,3144,3159
6465,15793,3144,3159
6506,15834,3144,3159
6545,15873,3144,3159
6585,15913,3144,3159
6625,15953,3144,3159
6666,15994,3144,3159
6705,16033,3144,3159
6745,16073,3144,3159
6785,16113,3144,3159
6825,16153,3144,3159
6865,16193,3144,3159
6905,16233,3144,3158
6945,16273,3144,3159
6985,16313,3144,3159
7025,16353,3144,3159
7065,16393,3144,3159
7105,16433,3144,3159
7145,16473,3144,3159
7185,16513,3144,3159
7225,16553,3144,3158
7265,16593,3144,3159
7305,16633,3144,3158
7345,16673,3144,3159
7386,16714,3144,3159
7425,16753,3144,3159
7465,16793,3144,3159
7506,16834,3144,3158
7545,16873,3144,3159
7585,16913,3144,3158
7626,16954,3144,3158
7665,16993,3144,3158
7705,17033,3144,3159
7746,17074,3144,3159
7785,17113,3144,3159
7807,17135,3144,3158
7846,17174,3144,3158
7885,17213,3144,3158
7926,17254,3144,3158
7965,17293,3144,3159
8005,17333,3144,3159
8046,17374,3144,3159
8085,17413,3144,3158
8125,17453,3144,3159
8166,17494,3144,3158
8205,17533,3144,3158
8227,17555,3144,3158
8266,17594,3144,3159
8306,17634,3144,3158
8344,17672,3144,3159
8385,17713,3144,3158
8425,17753,3144,3158
8465,17793,3144,3158
8505,17833,3144,3158
8545,17873,3144,3159
8585,17913,3144,3158
8625,17953,3144,3159
8665,17993,3144,3158
8705,18033,3144,3158
8745,18073,3144,3158
8785,18113,3144,3158
8825,18153,3192,3160
8865,18193,3192,3160
8924,18252,3261,3175
8965,18293,3261,3200
9025,18353,3298,3229
9065,18393,3298,3248
9105,18433,3371,3262
9146,18474,3371,3300
9186,18514,3381,3326
9225,18553,3381,3338
9248,18576,3381,3341
9285,18613,3381,3342
9325,18653,3381,3343
9365,18693,3381,3343
9405,18733,3398,3344
9445,18773,3398,3351
9485,18813,3398,3356
9524,18852,3398,3358
9565,18893,3398,3358
9605,18933,3398,3358
9645,18973,3398,3359
9685,19013,3398,3359
9725,19053,3398,3361
9764,19092,3398,3361
9806,19134,3398,3362
9846,19174,3398,3363
9884,19212,3398,3364
9925,19253,3398,3364
9965,19293,3398,3364
10005,19333,3398,3365
10045,19373,3398,3365
10085,19413,3398,3367
10125,19453,3398,3367
10165,19493,3398,3368
10205,19533,3398,3368
10245,19573,3398,3369
10285,19613,3398,3369
10325,19653,3398,3370
10365,19693,3398,3371
10405,19733,3398,3371
10445,19773,3398,3372
10485,19813,3398,3372
10525,19853,3398,3372
10565,19893,3398,3373
10605,19933,3398,3374
10645,19973,3398,3374
10685,20013,3398,3375
10725,20053,3398,3375
10765,20093,3398,3375
10805,20133,3398,3376
10845,20173,3398,3377
10885,20213,3398,3377
10925,20253,3398,3377
10965,20293,3398,3378
11005,20333,3398,3378
11045,20373,3398,3378
11085,20413,3398,3379
11125,20453,3398,3379
11165,20493,3398,3380
11205,20533,3398,3380
11245,20573,3398,3380
11285,20613,3398,3381
11325,20653,3398,3381
11365,20693,3398,3381
11405,20733,3398,3382
11428,20756,3398,3382
11465,20793,3398,3382
11505,20833,3398,3383
11528,20856,3398,3383
11565,20893,3398,3383
11605,20933,3398,3383
11628,20956,3398,3383
11665,20993,3398,3384
11705,21033,3398,3384
11745,21073,3398,3384
11768,21096,3398,3384
11805,21133,3398,3385
11828,21156,3398,3385
11865,21193,3398,3385
11888,21216,3398,3385
11925,21253,3398,3385
11948,21276,3398,3385
11985,21313,3398,3386
12025,21353,3398,3386
12065,21393,3398,3386
12105,21433,3398,3386
12145,21473,3398,3387
12168,21496,3398,3387
12205,21533,3398,3387
12245,21573,3398,3387
12268,21596,3398,3387
12305,21633,3398,3388
12345,21673,3398,3388
12367,21695,3398,3388
12405,21733,3398,3388
12445,21773,3398,3388
12485,21813,3398,3388
12507,21835,3398,3388
12545,21873,3398,3389
12585,21913,3398,3389
12625,21953,3398,3389
12647,21975,3398,3389
12684,22012,3398,3389
12725,22053,3398,3390
12747,22075,3398,3390
12784,22112,3398,3390
12824,22152,3398,3390
12865,22193,3398,3390
12887,22215,3398,3390
12924,22252,3398,3390
12965,22293,3398,3390
13005,22333,3398,3391
13027,22355,3398,3391
13065,22393,3398,3391
13087,22415,3398,3391
13125,22453,3398,3391
13164,22492,3398,3391
13187,22515,3398,3391
13224,22552,3398,3391
13247,22575,3398,3391
13284,22612,3398,3391
13325,22653,3398,3392
13364,22692,3398,3392
13405,22733,3398,3392
13427,22755,3398,3392
13464,22792,3398,3392
13487,22815,3398,3392
13525,22853,3398,3392
13565,22893,3398,3393
13605,22933,3398,3393
13627,22955,3398,3393
13665,22993,3398,3393
13705,23033,3398,3393
13727,23055,3398,3393
13764,23092,3398,3393
13805,23133,3398,3393
13844,23172,3398,3393
13885,23213,3398,3393
13925,23253,3398,3393
13965,23293,3398,3393
14005,23333,3398,3394
14045,23373,3398,3394
14085,23413,3398,3394
14125,23453,3398,3394
14164,23492,3398,3394
14187,23515,3398,3394
14224,23552,3398,3394
14264,23592,3398,3394
14287,23615,3398,3394
14324,23652,3398,3394
14364,23692,3398,3394
14404,23732,3398,3394
14427,23755,3398,3394
14464,23792,3398,3394
14487,23815,3398,3394
14524,23852,3398,3394
14547,23875,3398,3394
14584,23912,3398,3395
14607,23935,3398,3395
14644,23972,3398,3395
14684,24012,3398,3395
14725,24053,3398,3395
14764,24092,3398,3395
14787,24115,3398,3395
14824,24152,3398,3395
14847,24175,3398,3395
14884,24212,3398,3395
14907,24235,3398,3395
14944,24272,3398,3395
14967,24295,3398,3395
15004,24332,3398,3395
15044,24372,3398,3395
15084,24412,3398,3395
15107,24435,3398,3395
15144,24472,3398,3396
15167,24495,3398,3396
15204,24532,3398,3396
15244,24572,3398,3396
15284,24612,3398,3396
15307,24635,3398,3396
15344,24672,3398,3396
15367,24695,3398,3396
15404,24732,3398,3396
15444,24772,3398,3396
15484,24812,3398,3396
15524,24852,3398,3396
15564,24892,3398,3396
15604,24932,3398,3396
15627,24955,3398,3396
15664,24992,3398,3396
15704,25032,3398,3396
15744,25072,3398,3396
15784,25112,3398,3396
15824,25152,3398,3396
15847,25175,3398,3396
15884,25212,3398,3396
15924,25252,3398,3396
15964,25292,3398,3396
15987,25315,3398,3396
16024,25352,3398,3396
16047,25375,3398,3396
16084,25412,3398,3396
16124,25452,3398,3396
16164,25492,3398,3396
16204,25532,3398,3396
16244,25572,3398,3397
16267,25595,3398,3397
16304,25632,3398,3397
16327,25655,3398,3397
16364,25692,3398,3397
16404,25732,3398,3397
16427,25755,3398,3397
16464,25792,3398,3397
16504,25832,3398,3397
16527,25855,3398,3397
16564,25892,3398,3397
16587,25915,3398,3397
16624,25952,3398,3397
16664,25992,3398,3397
16687,26015,3398,3397
16724,26052,3398,3397
16747,26075,3398,3397
16784,26112,3398,3397
16824,26152,3398,3397
16847,26175,3398,3397
16884,26212,3398,3397
16907,26235,3398,3397
16944,26272,3398,3397
16967,26295,3398,3397
17004,26332,3398,3397
17027,26355,3398,3397
17064,26392,3398,3397
17104,26432,3398,3397
17144,26472,3398,3397
17184,26512,3398,3397
17224,26552,3398,3397
17264,26592,3398,3397
17287,26615,3398,3397
17324,26652,3398,3397
17364,26692,3398,3397
17404,26732,3398,3397
17427,26755,3398,3397
17464,26792,3398,3397
17504,26832,3398,3397
17526,26854,3398,3397
17564,26892,3398,3397
17604,26932,3398,3397
17626,26954,3398,3397
17663,26991,3398,3397
17704,27032,3398,3397
17727,27055,3398,3397
17764,27092,3398,3397
17804,27132,3398,3397
17844,27172,3398,3397
17884,27212,3398,3397
17924,27252,3398,3397
17964,27292,3398,3397
18004,27332,3398,3397
18044,27372,3398,3397
18067,27395,3398,3397
18104,27432,3398,3397
18144,27472,3398,3397
18184,27512,3398,3397
18224,27552,3398,3397
18264,27592,3398,3397
18286,27614,3398,3397
18324,27652,3398,3398
18347,27675,3398,3398
18383,27711,3398,3398
18424,27752,3398,3398
18463,27791,3398,3398
18504,27832,3398,3398
18526,27854,3398,3398
18564,27892,3398,3398
18604,27932,3398,3398
18626,27954,3398,3398
18664,27992,3398,3398
18704,28032,3398,3398
18744,28072,3398,3398
18784,28112,3398,3398
18824,28152,3398,3398
18846,28174,3398,3398
18884,28212,3398,3398
18924,28252,3398,3398
18964,28292,3398,3398
18986,28314,3398,3398
19023,28351,3398,3398
19064,28392,3398,3398
19103,28431,3398,3398
19143,28471,3398,3398
19166,28494,3398,3398
19225,28553,3398,3398
19265,28593,3398,3398
19288,28616,3398,3398
19325,28653,3398,3398
19348,28676,3398,3398
19385,28713,3398,3398
19408,28736,3398,3398
19445,28773,3398,3398
19468,28796,3398,3398
19507,28835,3398,3398
19545,28873,3398,3398
19568,28896,3398,3398
19606,28934,3398,3398
19646,28974,3398,3398
19685,29013,3398,3398
19726,29054,3398,3398
19766,29094,3398,3398
19806,29134,3398,3398
19846,29174,3398,3398
19886,29214,3398,3398
19926,29254,3398,3398
19966,29294,3398,3398
20006,29334,3398,3398
20046,29374,3398,3398
20085,29413,3398,3398
20125,29453,3398,3398
20165,29493,3398,3398
20205,29533,3398,3398
20246,29574,3398,3398
20286,29614,3398,3398
20326,29654,3398,3398
20366,29694,3398,3398
20405,29733,3398,3398
20446,29774,3398,3398
20469,29797,3398,3398
20506,29834,3398,3398
20546,29874,3398,3398
20585,29913,3398,3398
20608,29936,3398,3398
20646,29974,3398,3398
20686,30014,3398,3398
20726,30054,3398,3398
20766,30094,3398,3398
20806,30134,3398,3398
20846,30174,3398,3398
20886,30214,3398,3398
20926,30254,3398,3398
20966,30294,3398,3398
21006,30334,3398,3398
21046,30374,3398,3398
21085,30413,3398,3398
21125,30453,3398,3398
21165,30493,3398,3398
21206,30534,3398,3398
21245,30573,3398,3398
21286,30614,3398,3398
21326,30654,3398,3398
21365,30693,3398,3398
21406,30734,3398,3398
21446,30774,3398,3398
21486,30814,3398,3398
21526,30854,3398,3398
21566,30894,3398,3398
21606,30934,3398,3398
21646,30974,3398,3398
21686,31014,3398,3398
21726,31054,3398,3398
21766,31094,3398,3398
21806,31134,3398,3398
21846,31174,3398,3398
21886,31214,3398,3398
21926,31254,3398,3398
21965,31293,3398,3398
22005,31333,3398,3398
22046,31374,3398,3398
22086,31414,3398,3398
22126,31454,3398,3398
22166,31494,3398,3398
22206,31534,3398,3398
22246,31574,3398,3398
22286,31614,3398,3398
22326,31654,3398,3398
22366,31694,3398,3398
22406,31734,3398,3398
22446,31774,3398,3398
22486,31814,3398,3398
22526,31854,3398,3398
22565,31893,3398,3398
22605,31933,3398,3398
22646,31974,3398,3398
22686,32014,3398,3398
22726,32054,3398,3398
22766,32094,3398,3398
22806,32134,3398,3398
22846,32174,3398,3398
22886,32214,3398,3398
22926,32254,3398,3398
22966,32294,3398,3398
23006,32334,3398,3398
23045,32373,3398,3398
23086,32414,3398,3398
23126,32454,3398,3398
23166,32494,3398,3398
23206,32534,3398,3398
23246,32574,3398,3398
23286,32614,3398,3398
23325,32653,3398,3398
23366,32694,3398,3398
23406,32734,3398,3398
23445,6,3398,3398
23485,46,3398,3398
23525,86,3398,3398
23565,126,3398,3398
23604,165,3398,3398
23645,206,3398,3398
23685,246,3398,3398
23725,286,3398,3398
23764,325,3398,3398
23804,365,3398,3398
23844,405,3398,3398
23884,445,3398,3398
23925,486,3398,3398
23964,525,3398,3398
24004,565,3398,3398
24044,605,3398,3398
24085,646,3398,3398
24124,685,3398,3398
24164,725,3398,3398
24204,765,3398,3398
24244,805,3398,3398
24284,845,3398,3398
24324,885,3398,3398
24364,925,3398,3398
24404,965,3398,3398
24444,1005,3398,3398
24484,1045,3398,3398
24524,1085,3398,3398
24564,1125,3398,3398
24604,1165,3398,3398
24644,1205,3398,3398
24684,1245,3398,3398
24724,1285,3398,3398
24765,1326,3398,3398
24804,1365,3398,3398
24844,1405,3398,3398
24884,1445,3398,3398
24924,1485,3398,3398
24964,1525,3398,3398
25004,1565,3398,3398
25044,1605,3398,3398
25084,1645,3398,3398
25124,1685,3398,3398
25164,1725,3398,3398
25204,1765,3398,3398
25244,1805,3398,3398
25284,1845,3398,3398
25324,1885,3398,3398
25364,1925,3398,3398
25404,1965,3398,3398
25444,2005,3398,3398
25484,2045,3398,3398
25524,2085,3398,3398
25564,2125,3398,3398
25604,2165,3398,3398
25644,2205,3398,3398
25684,2245,3398,3398
25724,2285,3398,3398
25764,2325,3398,3398
25804,2365,3398,3398
25844,2405,3398,3398
25884,2445,3398,3398
25924,2485,3398,3398
25964,2525,3398,3398
26004,2565,3398,3398
26044,2605,3398,3398
26084,2645,3398,3398
26124,2685,3398,3398
26164,2725,3398,3398
26204,2765,3398,3398
26244,2805,3398,3398
26284,2845,3398,3398
26324,2885,3398,3398
26364,2925,3398,3398
26404,2965,3398,3398
26444,3005,3398,3398
26484,3045,3398,3398
26524,3085,3398,3398
26564,3125,3398,3398
26604,3165,3398,3398
26644,3205,3398,3398
26684,3245,3398,3398
26724,3285,3398,3398
26764,3325,3398,3398
26804,3365,3398,3398
26844,3405,3398,3398
26884,3445,3398,3398
26924,3485,3398,3398
26964,3525,3398,3398
27004,3565,3398,3398
27044,3605,3398,3398
27084,3645,3398,3398
27124,3685,3398,3398
27164,3725,3398,3398
27204,3765,3398,3398
27244,3805,3398,3398
27284,3845,3398,3398
27324,3885,3398,3398
27364,3925,3398,3398
27404,3965,3398,3398
27444,4005,3398,3398
27484,4045,3398,3398
27524,4085,3398,3398
27564,4125,3398,3398
27604,4165,3398,3398
27644,4205,3398,3398
27684,4245,3398,3398
27724,4285,3398,3398
27764,4325,3398,3398
27804,4365,3398,3398
27844,4405,3398,3398
27884,4445,3398,3398
27924,4485,3398,3398
27964,4525,3398,3398
28003,4564,3398,3398
28044,4605,3398,3398
28083,4644,3398,3398
28124,4685,3398,3398
28163,4724,3398,3398
28204,4765,3398,3398
28244,4805,3398,3398
28284,4845,3398,3398
28324,4885,3398,3398
28363,4924,3398,3398
28403,4964,3398,3398
28444,5005,3398,3398
28483,5044,3398,3398
28524,5085,3398,3398
28564,5125,3398,3398
28604,5165,3398,3398
28643,5204,3398,3398
28683,5244,3398,3398
28724,5285,3398,3398
28764,5325,3398,3398
28804,5365,3398,3398
28843,5404,3398,3398
28883,5444,3398,3398
28923,5484,3398,3398
28964,5525,3398,3398
29003,5564,3398,3398
29043,5604,3398,3398
29084,5645,3398,3398
29123,5684,3398,3398
29164,5725,3398,3398
29204,5765,3398,3398
29244,5805,3398,3398
29283,5844,3398,3398
29323,5884,3398,3398
29363,5924,3398,3398
29403,5964,3398,3398
29444,6005,3398,3398
29484,6045,3398,3398
29523,6084,3398,3398
29563,6124,3398,3398
29603,6164,3398,3398
29643,6204,3398,3398
29683,6244,3398,3398
29723,6284,3398,3398
29763,6324,3398,3398
29803,6364,3398,3398
29844,6405,3398,3398
29883,6444,3398,3398
29923,6484,3398,3398
29964,6525,3398,3398
30003,6564,3398,3398
30044,6605,3398,3398
30083,6644,3398,3398
30123,6684,3398,3398
30163,6724,3398,3398
30203,6764,3398,3398
30243,6804,3398,3398
30283,6844,3398,3398
30323,6884,3398,3397
30363,6924,3398,3398
30403,6964,3398,3398
30443,7004,3398,3398
30483,7044,3398,3398
30523,7084,3398,3398
30563,7124,3398,3398
30604,7165,3398,3398
30643,7204,3398,3398
30683,7244,3398,3398
30723,7284,3398,3398
30763,7324,3398,3398
30803,7364,3398,3398
30843,7404,3398,3398
30883,7444,3398,3398
30923,7484,3398,3398
30963,7524,3398,3398
31003,7564,3398,3398
31043,7604,3398,3398
31083,7644,3398,3398
31123,7684,3398,3398
31163,7724,3398,3398
31203,7764,3398,3398
31243,7804,3398,3398
31283,7844,3398,3398
31323,7884,3398,3398
31363,7924,3398,3397
31403,7964,3398,3398
31443,8004,3398,3398
31483,8044,3398,3398
31523,8084,3398,3398
31563,8124,3398,3398
31603,8164,3398,3398
31643,8204,3398,3398
31683,8244,3398,3398
31723,8284,3398,3398
31763,8324,3398,3398
31803,8364,3398,3398
31843,8404,3398,3398
31883,8444,3398,3398
31923,8484,3398,3398
31963,8524,3398,3398
32003,8564,3398,3398
32043,8604,3398,3398
32083,8644,3398,3398
32123,8684,3398,3398
32163,8724,3398,3398
32203,8764,3398,3398
32243,8804,3398,3398
32283,8844,3398,3398
32323,8884,3398,3398
32363,8924,3398,3398
32403,8964,3398,3398
32443,9004,3398,3398
32483,9044,3398,3398
32523,9084,3398,3398
32563,9124,3398,3398
32603,9164,3398,3398
32643,9204,3398,3398
32683,9244,3398,3398
32723,9284,3398,3398
32763,9324,3398,3398
32803,9364,3398,3398
32843,9404,3398,3398
32883,9444,3398,3398
32923,9484,3398,3398
32962,9523,3398,3398
33003,9564,3398,3398
33043,9604,3398,3398
33082,9643,3398,3398
33123,9684,3398,3398
33163,9724,3398,3398
33203,9764,3398,3398
33243,9804,3398,3398
33283,9844,3398,3398
33323,9884,3398,3398
33363,9924,3398,3398
33403,9964,3398,3398
33443,10004,3398,3398
33483,10044,3398,3398
33523,10084,3398,3398
33563,10124,3398,3398
33603,10164,3398,3398
33643,10204,3398,3398
33683,10244,3398,3398
33723,10284,3398,3398
33762,10323,3398,3398
33803,10364,3398,3398
33843,10404,3398,3398
33883,10444,3398,3398
33923,10484,3398,3398
33963,10524,3398,3398
34003,10564,3398,3398
34042,10603,3398,3398
34083,10644,3398,3398
34123,10684,3398,3398
34163,10724,3398,3398
34203,10764,3398,3398
34243,10804,3398,3398
34283,10844,3398,3398
34323,10884,3398,3398
34362,10923,3398,3398
34402,10963,3398,3398
34442,11003,3398,3398
34483,11044,3398,3398
34522,11083,3398,3398
34563,11124,3398,3398
34603,11164,3398,3398
34642,11203,3398,3398
34682,11243,3398,3398
34723,11284,3398,3398
34762,11323,3398,3398
34802,11363,3398,3398
34842,11403,3398,3398
34883,11444,3398,3398
34922,11483,3398,3398
34962,11523,3398,3398
35002,11563,3398,3398
35043,11604,3398,3398
35102,11663,3429,3409
35143,11704,3429,3425
35202,11763,3418,3432
35243,11804,3418,3432
35282,11843,3397,3431
35322,11883,3397,3429
35363,11924,3397,3429
35422,11983,3387,3425
35463,12024,3387,3416
35503,12064,3378,3410
35543,12104,3378,3405
35583,12144,3360,3402
35623,12184,3360,3393
35663,12224,3360,3387
35703,12264,3360,3384
35743,12304,3360,3382
35783,12344,3323,3381
35823,12384,3323,3366
35863,12424,3323,3355
35903,12464,3258,3346
35943,12504,3258,3315
35983,12544,3198,3290
36023,12584,3198,3257
36063,12624,3198,3229
36103,12664,3133,3211
36143,12704,3133,3180
36183,12744,3133,3159
36223,12784,3133,3153
36263,12824,3133,3153
36303,12864,3133,3153
36343,12904,3133,3153
36383,12944,3133,3153
36423,12984,3133,3153
36463,13024,3133,3153
36503,13064,3133,3153
36543,13104,3133,3153
36582,13143,3133,3153
36623,13184,3133,3153
36663,13224,3133,3153
36702,13263,3133,3153
36743,13304,3133,3153
36783,13344,3133,3153
36805,13366,3133,3153
36843,13404,3133,3153
36883,13444,3133,3153
36923,13484,3133,3153
36963,13524,3133,3153
37003,13564,3133,3153
37043,13604,3133,3153
37083,13644,3133,3153
37123,13684,3133,3153
37163,13724,3133,3153
37203,13764,3133,3153
37243,13804,3133,3153
37283,13844,3133,3153
37323,13884,3133,3153
37345,13906,3133,3153
37383,13944,3133,3153
37423,13984,3133,3152
37463,14024,3133,3153
37503,14064,3133,3153
37543,14104,3133,3153
37566,14127,3133,3153
37603,14164,3133,3153
37625,14186,3133,3152
37663,14224,3133,3152
37703,14264,3133,3153
37743,14304,3133,3152
37783,14344,3133,3152
37823,14384,3133,3152
37863,14424,3133,3152
37903,14464,3133,3152
37943,14504,3133,3152
37983,14544,3133,3152
38023,14584,3133,3152
38063,14624,3133,3152
38103,14664,3133,3152
38143,14704,3133,3152
38183,14744,3133,3152
38205,14766,3133,3152
38243,14804,3133,3152
38282,14843,3133,3153
38323,14884,3133,3150
38362,14923,3133,3145
38403,14964,3133,3139
38425,14986,3133,3137
38463,15024,3133,3136
38503,15064,3133,3136
38543,15104,3133,3136
38583,15144,3133,3136
38623,15184,3133,3136
38645,15206,3133,3136
38683,15244,3133,3136
38723,15284,3133,3136
38763,15324,3133,3136
38803,15364,3133,3136
38843,15404,3133,3136
38883,15444,3133,3136
38923,15484,3133,3136
38963,15524,3133,3136
39003,15564,3133,3136
39043,15604,3133,3136
39083,15644,3133,3136
39123,15684,3133,3136
39163,15724,3133,3136
39203,15764,3133,3136
39243,15804,3133,3136
39283,15844,3133,3136
39323,15884,3133,3136
39362,15923,3133,3136
39402,15963,3133,3136
39442,16003,3133,3136
39482,16043,3133,3136
39505,16066,3133,3136
39543,16104,3133,3136
39583,16144,3133,3136
39605,16166,3133,3136
39643,16204,3133,3136
39665,16226,3133,3136
39703,16264,3133,3136
39742,16303,3133,3136
39782,16343,3253,3139
39805,16366,3253,3158
39843,16404,3253,3193
39882,16443,3290,3217
39922,16483,3290,3242
39962,16523,3290,3257
40003,16564,3308,3263
40042,16603,3308,3271
40065,16626,3308,3272
40124,16685,3344,3284
40165,16726,3344,3302
40204,16765,3352,3310
40244,16805,3352,3318
40285,16846,3369,3323
40324,16885,3369,3334
40365,16926,3369,3340
40405,16966,3395,3343
40445,17006,3395,3356
40484,17045,3432,3367
40524,17085,3432,3389
40547,17108,3432,3399
40606,17167,3472,3423
40646,17207,3472,3443
40686,17247,3489,3453
40726,17287,3489,3462
40749,17310,3489,3465
40808,17369,3489,3465
40848,17409,3489,3465
40871,17432,3489,3466
40908,17469,3489,3466
40948,17509,3489,3466
40988,17549,3489,3466
41011,17572,3489,3466
41048,17609,3489,3467
41071,17632,3489,3467
41108,17669,3489,3467
41148,17709,3489,3468
41188,17749,3489,3469
41228,17789,3489,3469
41268,17829,3489,3470
41308,17869,3489,3470
41348,17909,3489,3470
41388,17949,3489,3470
41428,17989,3489,3470
41468,18029,3489,3471
41508,18069,3489,3472
41548,18109,3489,3473
41588,18149,3489,3473
41628,18189,3489,3473
41668,18229,3489,3474
41708,18269,3489,3474
41748,18309,3489,3474
41788,18349,3489,3475
41828,18389,3489,3475
41868,18429,3489,3475
41908,18469,3489,3475
41948,18509,3489,3475
41971,18532,3489,3476
42008,18569,3489,3477
42049,18610,3489,3477
42088,18649,3489,3477
42128,18689,3489,3477
42168,18729,3489,3478
42208,18769,3489,3478
42248,18809,3489,3478
42288,18849,3489,3478
42328,18889,3489,3478
42368,18929,3489,3478
42408,18969,3489,3478
42448,19009,3489,3478
42471,19032,3489,3478
42508,19069,3489,3478
42548,19109,3489,3478
42588,19149,3489,3478
42628,19189,3489,3481
42668,19229,3489,3481
42708,19269,3489,3481
42748,19309,3489,3481
42788,19349,3489,3481
42828,19389,3489,3481
42868,19429,3489,3482
42908,19469,3489,3482
42948,19509,3489,3482
42988,19549,3489,3482
43028,19589,3489,3482
43068,19629,3489,3482
43108,19669,3489,3482
43148,19709,3489,3483
43188,19749,3489,3483
43228,19789,3489,3483
43268,19829,3489,3483
43290,19851,3489,3483
43328,19889,3489,3483
43351,19912,3489,3483
43388,19949,3489,3483
43428,19989,3489,3483
43468,20029,3489,3483
43490,20051,3489,3483
43528,20089,3489,3484
43568,20129,3489,3484
43608,20169,3489,3484
43648,20209,3489,3484
43687,20248,3489,3484
43728,20289,3489,3484
43767,20328,3489,3484
43807,20368,3489,3484
43830,20391,3489,3484
43868,20429,3489,3485
43908,20469,3489,3485
43948,20509,3489,3485
43970,20531,3489,3485
44008,20569,3489,3485
44048,20609,3489,3485
44088,20649,3489,3485
44128,20689,3489,3485
44168,20729,3489,3485
44207,20768,3489,3485
44248,20809,3489,3485
44288,20849,3489,3485
44310,20871,3489,3485
44347,20908,3489,3485
44388,20949,3489,3485
44410,20971,3489,3485
44448,21009,3489,3486
44488,21049,3489,3485
44510,21071,3489,3486
44547,21108,3489,3485
44587,21148,3489,3485
44610,21171,3489,3485
44647,21208,3489,3485
44688,21249,3489,3486
44728,21289,3489,3485
44768,21329,3489,3486
44808,21369,3489,3486
44830,21391,3489,3486
44868,21429,3489,3485
44908,21469,3489,3485
44930,21491,3489,3485
44967,21528,3489,3485
44990,21551,3489,3485
45027,21588,3489,3485
45068,21629,3489,3486
45108,21669,3489,3486
45148,21709,3489,3485
45187,21748,3489,3485
45210,21771,3489,3486
45247,21808,3489,3485
45287,21848,3489,3485
45310,21871,3489,3485
45347,21908,3489,3486
45387,21948,3489,3486
45410,21971,3489,3486
45447,22008,3489,3487
45470,22031,3489,3487
45507,22068,3489,3487
45547,22108,3489,3487
45570,22131,3489,3487
45607,22168,3489,3487
45630,22191,3489,3487
45667,22228,3489,3487
45690,22251,3489,3487
45727,22288,3489,3489
45750,22311,3489,3489
45787,22348,3489,3489
45827,22388,3489,3489
45850,22411,3489,3489
45888,22449,3489,3489
45928,22489,3489,3489
45968,22529,3489,3489
46007,22568,3489,3489
46030,22591,3489,3489
46068,22629,3489,3489
46091,22652,3489,3489
46128,22689,3489,3489
46167,22728,3489,3489
46207,22768,3489,3489
46230,22791,3489,3489
46267,22828,3489,3489
46290,22851,3489,3489
46327,22888,3489,3489
46367,22928,3489,3489
46390,22951,3489,3489
46428,22989,3489,3489
46467,23028,3489,3489
46508,23069,3489,3489
46547,23108,3489,3489
46588,23149,3489,3489
46627,23188,3489,3489
46667,23228,3489,3489
46690,23251,3489,3489
46727,23288,3489,3489
46750,23311,3489,3489
46787,23348,3489,3489
46827,23388,3489,3489
46850,23411,3489,3489
46888,23449,3489,3489
46928,23489,3489,3489
46967,23528,3489,3489
46990,23551,3489,3489
47027,23588,3489,3489
47050,23611,3489,3489
47088,23649,3489,3489
47128,23689,3489,3489
47167,23728,3489,3489
47190,23751,3489,3489
47227,23788,3489,3489
47267,23828,3489,3489
47308,23869,3489,3489
47347,23908,3489,3489
47370,23931,3489,3489
47407,23968,3489,3489
47447,24008,3489,3489
47488,24049,3489,3489
47511,24072,3489,3489
47547,24108,3489,3489
47587,24148,3489,3489
47610,24171,3489,3489
47647,24208,3489,3489
47688,24249,3489,3489
47728,24289,3489,3489
47767,24328,3489,3489
47807,24368,3489,3489
47830,24391,3489,3489
47867,24428,3489,3489
47890,24451,3489,3489
47928,24489,3489,3489
47967,24528,3489,3489
47990,24551,3489,3489
48027,24588,3489,3489
48067,24628,3489,3489
48107,24668,3489,3489
48148,24709,3489,3489
48187,24748,3489,3489
48228,24789,3489,3489
48268,24829,3489,3489
48307,24868,3489,3489
48330,24891,3489,3489
48368,24929,3489,3489
48408,24969,3489,3489
48447,25008,3489,3489
48469,25030,3489,3489
48507,25068,3489,3489
48547,25108,3489,3489
48587,25148,3489,3489
48609,25170,3489,3489
48647,25208,3489,3489
48688,25249,3489,3489
48727,25288,3489,3489
48767,25328,3489,3489
48807,25368,3489,3489
48829,25390,3489,3489
48867,25428,3489,3489
48907,25468,3489,3489
48947,25508,3489,3489
48988,25549,3489,3489
49027,25588,3489,3489
49067,25628,3489,3489
49108,25669,3489,3489
49147,25708,3489,3489
49169,25730,3489,3489
49208,25769,3489,3489
49248,25809,3489,3489
49287,25848,3489,3489
49309,25870,3489,3489
49347,25908,3489,3489
49388,25949,3489,3489
49427,25988,3489,3489
49467,26028,3489,3489
49507,26068,3500,3489
49548,26109,3500,3494
49587,26148,3500,3499
49627,26188,3500,3500
49667,26228,3500,3500
49707,26268,3500,3500
49747,26308,3500,3500
49787,26348,3489,3500
49827,26388,3489,3500
49867,26428,3489,3500
49907,26468,3464,3498
49947,26508,3464,3493
49987,26548,3440,3489
50027,26588,3440,3474
50067,26628,3440,3465
50107,26668,3431,3459
50147,26708,3431,3452
50187,26748,3416,3449
50227,26788,3416,3442
50267,26828,3416,3438
50307,26868,3416,3438
50347,26908,3416,3438
50387,26948,3542,3443
50427,26988,3542,3485
50467,27028,3542,3527
50507,27068,3577,3550
50547,27108,3577,3568
50587,27148,3589,3577
50627,27188,3589,3584
50667,27228,3589,3586
50707,27268,3589,3586
50746,27307,3589,3585
50787,27348,3589,3585
50827,27388,3589,3586
50866,27427,3589,3585
50907,27468,3625,3588
50946,27507,3625,3598
50987,27548,3638,3613
51027,27588,3638,3631
51067,27628,3638,3638
51107,27668,3638,3638
51147,27708,3638,3638
51187,27748,3638,3638
51226,27787,3638,3637
51249,27810,3638,3637
51286,27847,3638,3637
51327,27888,3638,3637
51367,27928,3638,3637
51422,27983,3638,3637
51446,28007,3638,3637
51487,28048,3638,3637
51526,28087,3638,3637
51566,28127,3638,3637
51607,28168,3638,3637
51646,28207,3638,3637
51687,28248,3638,3637
51726,28287,3638,3637
51766,28327,3638,3637
51806,28367,3638,3637
51847,28408,3638,3637
51887,28448,3638,3637
51926,28487,3638,3637
51966,28527,3638,3637
52007,28568,3638,3637
52047,28608,3638,3637
52087,28648,3638,3637
52127,28688,3638,3637
52167,28728,3638,3637
52207,28768,3638,3637
52247,28808,3638,3637
52287,28848,3638,3637
52327,28888,3638,3637
52367,28928,3638,3637
52407,28968,3638,3637
52447,29008,3638,3637
52487,29048,3638,3637
52527,29088,3638,3637
52567,29128,3638,3637
52607,29168,3638,3637
52647,29208,3638,3637
52687,29248,3638,3637
52727,29288,3638,3637
52767,29328,3638,3637
52807,29368,3638,3637
52847,29408,3638,3637
52887,29448,3638,3637
52927,29488,3638,3637
52966,29527,3638,3637
53007,29568,3638,3637
53047,29608,3638,3637
53087,29648,3638,3637
53127,29688,3638,3637
53167,29728,3638,3637
53207,29768,3638,3637
53247,29808,3638,3637
53287,29848,3638,3637
53327,29888,3638,3637
53367,29928,3638,3637
53406,29967,3638,3637
53447,30008,3638,3637
53487,30048,3638,3637
53527,30088,3638,3637
53567,30128,3638,3637
53607,30168,3638,3637
53647,30208,3638,3637
53687,30248,3638,3637
53727,30288,3638,3637
53767,30328,3638,3637
53807,30368,3638,3637
53847,30408,3638,3637
53887,30448,3638,3637
53927,30488,3638,3637
53967,30528,3638,3637
54007,30568,3638,3637
54047,30608,3638,3637
54086,30647,3638,3637
54126,30687,3638,3637
54167,30728,3625,3637
54206,30767,3625,3634
54247,30808,3625,3633
54287,30848,3612,3632
54327,30888,3612,3627
54366,30927,3600,3624
54406,30967,3600,3618
54446,31007,3600,3612
54486,31047,3600,3609
54526,31087,3600,3607
54566,31127,3600,3607
54606,31167,3600,3607
54647,31208,3600,3607
54687,31248,3600,3607
54726,31287,3600,3607
54767,31328,3600,3607
54806,31367,3542,3603
54847,31408,3542,3579
54886,31447,3474,3559
54926,31487,3474,3522
54967,31528,3474,3494
55006,31567,3474,3479
55046,31607,3474,3475
55086,31647,3464,3474
55126,31687,3464,3473
55166,31727,3464,3474
55207,31768,3464,3473
55246,31807,3464,3473
55286,31847,3450,3473
55326,31887,3450,3469
55366,31927,3450,3469
55421,31982,3434,3462
55446,32007,3434,3456
55486,32047,3434,3450
55526,32087,3434,3448
55567,32128,3434,3447
55606,32167,3434,3447
55646,32207,3434,3447
55686,32247,3434,3447
55726,32287,3434,3447
55766,32327,3434,3447
55806,32367,3434,3447
55846,32407,3434,3447
55886,32447,3434,3447
55926,32487,3434,3446
55967,32528,3434,3446
56006,32567,3434,3446
56046,32607,3434,3446
56086,32647,3434,3446
56126,32687,3434,3445
56166,32727,3434,3445
56206,32767,3434,3445
56245,39,3434,3445
56285,79,3434,3445
56325,119,3434,3445
56365,159,3434,3445
56405,199,3434,3445
56445,239,3434,3445
56485,279,3434,3445
56525,319,3434,3445
56565,359,3434,3445
56605,399,3434,3445
56645,439,3434,3445
56685,479,3434,3445
56725,519,3434,3445
56765,559,3434,3445
56805,599,3434,3445
56845,639,3434,3445
56885,679,3434,3445
56925,719,3434,3445
56965,759,3434,3445
57005,799,3434,3445
57045,839,3434,3445
57085,879,3434,3445
57125,919,3434,3445
57165,959,3434,3445
57205,999,3434,3445
57245,1039,3434,3445
57285,1079,3434,3445
57325,1119,3434,3445
57365,1159,3434,3445
57405,1199,3434,3445
57445,1239,3434,3445
57485,1279,3434,3442
57525,1319,3434,3438
57565,1359,3434,3437
57605,1399,3434,3437
57645,1439,3434,3437
57685,1479,3434,3437
57725,1519,3434,3437
57765,1559,3434,3437
57805,1599,3434,3437
57845,1639,3434,3437
57884,1678,3434,3437
57925,1719,3434,3437
57965,1759,3434,3437
58005,1799,3434,3437
58045,1839,3434,3437
58085,1879,3434,3437
58125,1919,3434,3437
58165,1959,3434,3437
58205,1999,3434,3437
58245,2039,3434,3437
58285,2079,3434,3437
58325,2119,3434,3437
58365,2159,3434,3437
58405,2199,3434,3437
58445,2239,3434,3437
58485,2279,3434,3437
58525,2319,3434,3437
58565,2359,3434,3437
58604,2398,3434,3437
58645,2439,3434,3437
58685,2479,3434,3437
58725,2519,3434,3437
58765,2559,3434,3437
58805,2599,3434,3437
58845,2639,3434,3437
58884,2678,3434,3437
58925,2719,3434,3437
58964,2758,3434,3437
59005,2799,3434,3437
59045,2839,3434,3437
59085,2879,3434,3437
59124,2918,3434,3437
59165,2959,3434,3437
59205,2999,3434,3437
59245,3039,3434,3437
59285,3079,3434,3437
59324,3118,3434,3437
59364,3158,3434,3437
59405,3199,3434,3437
59445,3239,3434,3437
59484,3278,3434,3437
59525,3319,3434,3437
59565,3359,3434,3437
59605,3399,3434,3437
59644,3438,3434,3437
59685,3479,3434,3437
59725,3519,3434,3437
59765,3559,3434,3437
59805,3599,3434,3437
59845,3639,3434,3437
59884,3678,3434,3437
59925,3719,3434,3437
59965,3759,3434,3437
60005,3799,3434,3437
60045,3839,3434,3437
60085,3879,3434,3437
60124,3918,3434,3437
60164,3958,3434,3437
60204,3998,3434,3437
60244,4038,3434,3437
60284,4078,3434,3437
60324,4118,3434,3437
60364,4158,3434,3437
60405,4199,3434,3437
60444,4238,3434,3437
60484,4278,3434,3437
60524,4318,3434,3437
60564,4358,3434,3437
60604,4398,3434,3437
60644,4438,3434,3437
60684,4478,3434,3437
60724,4518,3434,3437
60764,4558,3434,3437
60804,4598,3434,3437
60844,4638,3434,3437
